<?xml version="1.0" encoding="UTF-8"?>
<runtime id="org.eclipse.bpmn2.modeler.runtime.none">
<toolPalette id="org.bpmn2.modeler.toolpalette.my.full" profile="Mandala">
<category id="org.bpmn2.modeler.toolpalette.default.categories"/>
<category id="org.bpmn2.modeler.toolpalette.my.systems" name="Systems">
<tool name="Hospital" description="cadastra hospitais">
<object type=" Lane [$name='Hospital',$id='L1']"/>
</tool><tool name="Geografic" description="consulta distancia">
<object type=" Lane [$name='Geografic',$id='L2']"/>
</tool><tool name="Ambulancia" description="gerencia ambulancias">
<object type=" Lane [$name='Ambulancia',$id='L3']"/>
</tool></category>
 <category id="org.bpmn2.modeler.toolpalette.my.systemsTasks" name="Systems Tasks"><tool name="listarLeitos" description="GET"><object type="ScriptTask[$name='listarLeitos',$script='infos']"/></tool><tool name="consultaDistancia" description="GET"><object type="ScriptTask[$name='consultaDistancia',$script='infos']"/></tool><tool name="cadastrarChamado" description="GET"><object type="ScriptTask[$name='cadastrarChamado',$script='infos']"/></tool></category>
 </toolPalette> </runtime>